일자,전체 1차,전체 2차,전체 3차,전체 4차,화이자 1차,화이자 2차,화이자 3차,화이자 4차,모더나 1차,모더나 2차,모더나 3차,모더나 4차,아스트라제네카 1차,아스트라제네카 2차,아스트라제네카 3차,아스트라제네카 4차,얀센 1차·2차,얀센 3차,얀센 4차,노바백스 1차,노바백스 2차,노바백스 3차,노바백스 4차,기타 1차,기타 2차,기타 3차,기타 4차
전체누적,45055135,44588051,33303757,4110962,25447296,27017306,22335357,3492564,6812763,6638499,10867577,366608,11075850,9242535,1887,0,1516414,26873,14,120276,93170,65391,251776,82536,80127,6672,0
2022-06-01,84,455,630,2222,62,422,499,1685,0,1,61,311,0,0,0,0,0,0,0,22,32,70,226,0,0,0,0
2022-05-31,536,1311,4037,28114,303,1018,3221,22503,7,15,440,3250,0,0,0,0,1,0,0,225,277,376,2361,0,0,0,0
2022-05-30,516,1496,5242,25664,338,1230,4299,19611,0,11,529,3570,0,0,0,0,5,0,0,173,250,414,2483,0,0,0,0
2022-05-29,6,23,60,204,6,21,48,161,0,0,4,20,0,0,0,0,0,0,0,0,2,8,23,0,0,0,0
2022-05-28,520,3026,2614,14315,437,2904,2153,11186,1,5,259,1877,0,0,0,0,0,0,0,82,117,202,1252,0,0,0,0
2022-05-27,1243,6627,7477,64960,922,6066,6042,51752,6,12,798,8123,0,0,0,0,9,0,0,306,540,637,5085,0,0,0,0
2022-05-26,601,1882,5197,36923,398,1667,4240,29815,7,8,603,4198,0,0,0,0,9,2,0,187,198,352,2910,0,0,0,0
2022-05-25,504,956,4633,39092,313,581,3893,31763,8,14,417,4414,0,0,0,0,6,0,0,177,355,322,2915,0,0,1,0
2022-05-24,416,696,4221,45361,250,359,3441,36896,5,8,407,5012,0,0,0,0,3,0,0,158,326,373,3453,0,0,0,0
2022-05-23,489,755,5417,35885,286,400,4443,28356,7,4,518,4596,0,0,0,0,6,1,0,190,345,455,2933,0,0,0,0
2022-05-22,6,11,62,237,3,6,53,179,0,0,5,31,0,0,0,0,0,0,0,3,5,4,27,0,0,0,0
2022-05-21,529,773,2985,19895,429,536,2448,15774,1,8,323,2633,0,0,0,0,3,0,0,96,226,214,1488,0,0,0,0
2022-05-20,1148,1914,8749,93135,825,1163,7129,75685,4,28,858,11146,0,0,0,0,5,0,0,314,718,761,6304,0,0,1,0
2022-05-19,506,846,5941,53899,317,446,4914,44343,3,28,574,5907,0,0,0,0,4,0,1,182,368,453,3648,0,0,0,0
2022-05-18,534,761,5635,57452,335,381,4719,47772,3,5,471,6225,0,0,0,0,10,1,0,186,365,444,3455,0,0,0,0
2022-05-17,521,679,5413,69650,252,310,4530,58472,2,48,478,6841,0,0,0,0,3,1,0,264,318,404,4337,0,0,0,0
2022-05-16,574,761,6811,55584,369,409,5710,44898,6,12,568,6762,0,0,0,0,4,0,0,195,336,533,3924,0,0,0,0
2022-05-15,9,7,62,414,8,3,51,325,0,0,7,45,0,0,0,0,0,0,0,1,4,4,44,0,0,0,0
2022-05-14,705,740,3590,31840,575,503,3090,25839,2,5,290,3960,0,0,0,0,1,0,0,127,231,210,2041,0,0,0,0
2022-05-13,1482,1970,10533,149803,1098,1213,8829,124454,12,28,1019,16619,0,0,0,0,4,0,0,368,725,684,8730,0,0,1,0
2022-05-12,713,930,7634,95533,484,531,6400,81486,4,20,767,8884,0,0,0,0,2,4,0,223,377,462,5163,0,0,1,0
2022-05-11,602,905,7575,98119,375,401,6442,82896,1,27,632,9923,0,0,0,0,12,0,2,214,465,501,5298,0,0,0,0
2022-05-10,609,825,7201,118858,357,420,6188,102252,7,27,585,10591,0,0,0,0,1,1,0,244,377,420,6015,0,0,7,0
2022-05-09,716,895,11246,94767,427,439,9885,78671,3,7,794,10618,0,0,0,0,8,1,0,278,440,565,5478,0,1,1,0
2022-05-08,12,7,70,550,6,7,64,454,1,0,5,56,0,0,0,0,0,0,0,5,0,1,40,0,0,0,0
2022-05-07,604,745,4059,44637,496,483,3411,37678,3,11,437,4471,0,0,0,0,0,0,0,105,251,211,2488,0,0,0,0
2022-05-06,1990,2582,15643,234645,1471,1449,13146,199447,5,22,1574,23591,0,0,1,0,6,1,0,508,1105,921,11607,0,0,0,0
2022-05-05,51,48,422,3131,39,27,342,2594,0,0,43,252,0,0,1,0,0,0,0,12,21,36,285,0,0,0,0
2022-05-04,920,946,8729,151832,561,498,7366,131669,9,9,753,13005,0,0,2,0,8,1,0,342,431,606,7158,0,0,1,0
2022-05-03,752,968,9604,170324,422,481,8148,150194,3,22,772,12247,0,0,0,0,2,0,0,325,463,684,7883,0,0,0,0
2022-05-02,842,960,12678,152633,482,527,11080,132402,3,15,947,12474,0,0,1,0,4,1,0,353,414,648,7757,0,0,1,0
2022-05-01,10,15,105,1059,6,10,89,908,0,0,11,74,0,0,0,0,0,0,0,4,5,5,77,0,0,0,0
2022-04-30,1264,1127,5918,75242,1038,770,4960,64726,4,8,650,6491,0,0,0,0,0,0,0,222,349,307,4025,0,0,1,0
2022-04-29,2905,3258,16873,372028,2160,1842,13624,326381,11,46,2148,27808,0,0,0,0,5,1,7,729,1365,1099,17832,0,0,1,0
2022-04-28,1078,1359,9528,200302,638,651,7620,177300,12,35,1235,13871,0,0,0,0,5,0,2,423,667,673,9129,0,1,0,0
2022-04-27,1059,1134,8317,220187,639,552,6653,195323,3,22,1108,14558,0,0,1,0,10,0,1,407,550,553,10305,0,0,2,0
2022-04-26,903,1043,7400,215482,495,495,5890,191587,3,20,926,13204,0,0,0,0,2,0,0,403,526,581,10691,0,0,3,0
2022-04-25,881,1232,9035,199190,505,630,7052,173583,6,27,1309,13844,0,0,2,0,2,1,0,368,573,669,11763,0,0,2,0
2022-04-24,18,25,102,434,16,14,85,351,0,0,12,20,0,0,0,0,0,0,0,2,11,4,63,0,0,1,0
2022-04-23,1329,1313,5400,32721,1136,823,4381,26108,2,12,678,3143,0,0,1,0,5,0,0,185,473,337,3470,1,0,3,0
2022-04-22,3813,3993,17075,131378,3084,2262,13295,100416,4,72,2688,13305,0,1,1,0,3,1,0,721,1655,1088,17657,1,0,2,0
2022-04-21,1151,1471,9995,59680,763,658,7816,45166,4,30,1448,5675,0,0,0,0,6,3,0,378,777,727,8839,0,0,1,0
2022-04-20,1049,1132,9204,63915,682,517,7395,48541,6,22,1239,6036,0,0,1,0,1,0,0,360,592,564,9338,0,0,5,0
2022-04-19,708,936,6484,55902,412,273,5251,43216,2,10,756,4232,0,0,3,0,1,1,0,293,652,467,8454,0,0,6,0
2022-04-18,804,996,8556,51719,412,275,6824,38285,7,19,1076,4237,0,0,4,0,5,3,0,380,696,648,9197,0,1,1,0
2022-04-17,25,16,122,183,21,1,89,126,0,1,27,17,0,0,0,0,0,0,0,4,14,6,40,0,0,0,0
2022-04-16,1783,1203,8166,16287,1499,489,6424,12016,7,23,1409,2082,0,0,2,0,0,1,0,277,691,330,2189,0,0,0,0
2022-04-15,5562,3228,25850,67718,4657,1096,19712,50671,10,68,5086,8743,0,0,1,0,10,4,0,885,2054,1042,8304,0,0,5,0
2022-04-14,1443,1571,15243,31851,1038,424,11864,25070,13,61,2706,3297,0,0,1,0,9,2,0,383,1077,668,3484,0,0,2,0
2022-04-13,1587,1300,12864,4897,1188,362,10720,4159,11,55,1903,726,0,0,3,0,12,8,0,376,871,229,12,0,0,1,0
2022-04-12,1139,1321,8800,3591,745,302,7144,3023,9,18,1458,568,0,0,3,0,2,1,0,383,999,192,0,0,0,2,0
2022-04-11,1295,1641,13553,2649,770,370,11191,2057,7,19,2074,592,0,0,5,0,2,1,0,516,1250,278,0,0,0,4,0
2022-04-10,28,20,173,28,16,7,140,18,0,0,27,9,0,0,1,0,1,1,0,11,12,4,1,0,0,0,0
2022-04-09,3522,1341,12084,1629,3166,345,10079,1162,5,12,1846,465,0,0,3,0,0,7,0,350,984,148,2,1,0,1,0
2022-04-08,8017,3942,31763,7403,6969,928,25136,5754,14,72,5951,1647,0,1,1,0,0,8,0,1034,2941,664,2,0,0,3,0
2022-04-07,2530,1922,20481,5073,1934,417,16658,4329,22,60,3421,743,0,0,1,0,4,5,0,569,1441,394,1,1,0,2,0
2022-04-06,2254,1651,16690,4989,1704,342,14007,4381,4,13,2381,605,0,0,1,0,6,8,0,540,1290,289,3,0,0,4,0
2022-04-05,1958,1878,12351,4078,1317,280,9991,3411,15,25,2098,665,0,0,3,0,5,10,0,621,1568,245,2,0,0,4,0
2022-04-04,2887,2650,21679,3527,2200,405,18088,2912,11,29,3230,613,0,0,3,0,6,3,0,670,2210,353,2,0,0,2,0
2022-04-03,57,42,271,24,41,6,228,19,0,0,38,5,0,0,1,0,0,0,0,16,36,4,0,0,0,0,0
2022-04-02,6165,2376,18755,1791,5710,421,15719,1375,1,17,2846,415,0,0,2,0,0,1,0,454,1938,186,1,0,0,1,0
2022-04-01,11118,6012,39622,7651,9891,853,31516,6391,14,43,7347,1256,0,0,3,0,6,10,0,1207,5110,745,4,0,0,1,0
2022-03-31,4587,3379,31332,6319,3705,457,25780,5481,10,37,5050,838,0,0,5,0,3,5,0,869,2882,492,0,0,0,0,0
2022-03-30,1189,1277,26001,7136,403,348,22000,6324,12,35,3623,809,0,0,4,0,7,10,0,767,886,358,3,0,1,6,0
2022-03-29,1330,3762,20619,6524,399,340,16378,5718,9,21,3851,805,0,1,2,0,0,7,0,922,3399,374,1,0,1,7,0
2022-03-28,1662,5155,37424,5195,553,540,30727,4369,16,34,6093,821,0,0,4,0,7,2,0,1086,4573,591,5,0,1,7,0
2022-03-27,24,29,555,39,10,17,482,34,0,0,65,5,0,0,0,0,0,0,0,14,11,8,0,0,1,0,0
2022-03-26,1513,1107,34557,2112,724,623,28860,1687,15,16,5379,425,1,0,1,0,1,8,0,772,466,307,0,0,1,2,0
2022-03-25,3222,2868,68857,9912,1217,1240,53549,8634,21,67,14045,1272,1,1,4,0,4,7,0,1979,1556,1252,6,0,0,0,0
2022-03-24,1784,1551,41097,9271,591,629,32153,8470,16,70,8116,801,0,0,5,0,2,6,0,1175,849,806,0,0,1,11,0
2022-03-23,1526,1289,33787,9742,497,535,27328,9013,13,40,5886,729,0,0,7,0,1,8,0,1015,712,550,0,0,1,8,0
2022-03-22,1838,1244,29262,11396,454,581,22247,10828,23,46,6380,567,0,0,2,0,5,8,0,1355,611,618,1,1,1,7,0
2022-03-21,2281,2297,47553,9237,649,966,37237,8681,20,53,9489,554,0,0,5,0,4,11,0,1608,1274,806,2,0,0,5,0
2022-03-20,26,33,570,22,11,13,460,22,0,1,98,0,0,0,2,0,0,0,0,15,19,9,0,0,0,1,0
2022-03-19,2087,1930,30449,2112,865,999,21879,1883,17,39,8065,229,1,0,3,0,0,0,0,1202,892,500,0,2,0,2,0
2022-03-18,4770,5681,77128,15857,1473,2072,54483,14869,22,96,20709,981,0,0,7,0,5,12,0,3268,3506,1912,7,2,2,5,0
2022-03-17,2567,2725,44082,15921,656,916,32419,15388,42,66,10492,532,0,0,13,0,7,11,0,1860,1736,1141,1,2,0,6,0
2022-03-16,2254,2480,32316,16718,480,810,24087,16041,13,92,7375,675,0,0,5,0,7,9,0,1754,1571,834,2,0,0,6,0
2022-03-15,2510,3341,32360,15632,490,1438,22979,14997,24,68,8429,631,0,0,10,0,4,1,0,1992,1830,927,4,0,1,14,0
2022-03-14,3697,4925,49221,10818,674,2295,35547,10437,27,115,12312,379,0,0,11,0,3,11,0,2990,2507,1326,2,3,5,14,0
2022-03-13,82,107,766,31,20,60,573,28,0,3,169,3,0,0,3,0,0,0,0,62,44,18,0,0,0,3,0
2022-03-12,3999,5398,35596,2293,1053,3861,24350,2128,14,80,10339,164,0,0,7,0,0,1,0,2931,1453,895,1,1,4,4,0
2022-03-11,8942,13963,85812,19040,1809,7191,58310,18053,39,245,24740,964,0,1,6,0,4,20,0,7089,6521,2725,23,1,1,11,0
2022-03-10,5191,6417,61725,17161,819,2888,43538,16569,18,134,16725,590,1,0,7,0,7,8,0,4346,3388,1437,2,0,0,10,0
2022-03-09,1078,1264,8066,944,188,534,5827,908,5,26,2007,36,0,1,3,0,0,1,0,884,702,216,0,1,1,12,0
2022-03-08,5886,5233,41356,15772,697,2688,28499,15158,18,125,11625,608,0,0,6,0,4,5,0,5167,2413,1211,6,0,3,10,0
2022-03-07,7880,5889,66719,11159,954,3363,46885,10638,40,156,17927,515,0,0,6,0,9,9,0,6876,2359,1881,6,1,2,11,0
2022-03-06,75,198,1745,45,53,191,1341,42,0,6,383,3,0,0,0,0,0,0,0,22,1,19,0,0,0,2,0
2022-03-05,2294,5621,52589,2340,1796,5409,35988,2221,21,151,16149,119,0,0,3,0,0,2,0,477,58,444,0,0,3,3,0
2022-03-04,3505,7730,105075,14563,2222,7305,71137,14024,61,285,32825,536,0,0,4,0,10,19,1,1212,128,1081,2,0,2,9,0
2022-03-03,2005,4273,66614,12748,995,3959,46818,12444,33,190,18961,302,0,1,2,0,5,17,0,972,116,805,2,0,2,11,0
2022-03-02,2246,4372,65092,11517,1065,4154,46894,11254,33,69,17301,262,0,2,5,0,6,31,0,1140,140,847,1,2,1,14,0
2022-03-01,201,359,4944,217,133,350,3646,212,3,4,1214,5,0,0,3,0,1,2,0,63,4,70,0,1,0,9,0
2022-02-28,5666,8319,144874,4603,3756,7917,103144,4444,83,172,40232,159,2,0,3,0,10,25,0,1815,218,1449,0,0,2,21,0
2022-02-27,224,455,6154,5,160,435,4653,5,5,15,1440,0,0,1,0,0,0,3,0,59,4,53,0,0,0,5,0
2022-02-26,4925,8477,119600,605,3746,8067,80544,533,39,259,38158,72,0,0,2,0,1,10,0,1138,149,881,0,1,1,5,0
2022-02-25,8963,13937,227528,4251,5879,13023,155285,4061,104,504,69823,190,0,1,3,0,14,38,0,2966,392,2347,0,0,3,32,0
2022-02-24,6301,10459,148190,2568,3598,9841,105304,2467,93,288,41005,101,0,0,3,0,9,52,0,2600,321,1813,0,1,0,13,0
2022-02-23,5851,3684,109587,2088,3165,3090,78925,1964,100,290,29106,124,0,0,5,0,19,45,0,2566,279,1497,0,1,6,9,0
2022-02-22,6368,3945,114507,1163,3248,3296,80693,1102,91,353,32248,61,0,2,3,0,8,28,0,3021,282,1518,0,0,4,17,0
2022-02-21,8186,5579,161626,685,4120,4914,113118,621,82,348,46766,64,1,0,5,0,19,38,0,3962,296,1681,0,2,2,18,0
2022-02-20,366,583,8238,2,240,559,5999,2,8,15,2195,0,0,0,5,0,0,1,0,118,7,31,0,0,2,7,0
2022-02-19,6259,9528,135849,206,4219,9127,89866,190,65,292,45412,16,0,0,5,0,7,6,0,1968,97,544,0,0,5,16,0
2022-02-18,11564,15323,248694,464,6107,14393,168087,419,91,572,79316,45,0,0,18,0,14,53,0,5352,340,1200,0,0,4,20,0
2022-02-17,9212,10052,169665,215,3987,9410,119239,200,64,361,49344,14,1,0,7,0,11,67,0,5149,259,975,1,0,11,33,0
2022-02-16,9299,9658,129247,15,3946,9007,91722,14,137,423,36673,1,0,0,12,0,25,48,0,5191,195,758,0,0,8,34,0
2022-02-15,9886,10731,139701,1,4643,10056,96969,0,109,474,42167,1,0,1,19,0,17,27,0,5117,175,482,0,0,8,37,0
2022-02-14,10491,13653,194147,0,5957,12862,134282,0,180,669,59563,0,0,1,5,0,16,35,0,4332,90,228,0,6,15,34,0
2022-02-13,370,600,9017,0,361,575,6705,0,9,18,2292,0,0,0,2,0,0,0,0,0,0,0,0,0,7,18,0
2022-02-12,5754,12232,169605,1,5631,11671,110647,1,115,542,58922,0,0,1,11,0,5,10,0,1,0,0,0,2,13,15,0
2022-02-11,8363,19715,307761,1,8136,18701,206710,1,197,978,100924,0,0,0,14,0,26,76,0,1,0,0,0,3,10,37,0
2022-02-10,5970,13939,205996,0,5748,13160,143905,0,174,722,61964,0,0,3,7,0,44,64,0,0,0,0,0,4,10,56,0
2022-02-09,5246,13007,147146,0,5015,12228,105660,0,195,722,41361,0,0,2,5,0,36,48,0,0,0,0,0,0,19,72,0
2022-02-08,5852,16167,163585,0,5633,15210,114427,0,189,915,49025,0,0,1,12,0,24,61,0,0,0,0,0,6,17,60,0
2022-02-07,8238,22447,246933,0,7892,21120,170284,0,310,1267,76538,0,0,5,7,0,35,39,0,0,0,0,0,1,20,65,0
2022-02-06,453,957,12038,0,440,899,9161,0,12,47,2850,0,0,1,2,0,0,0,0,0,0,0,0,1,10,25,0
2022-02-05,7286,18079,204642,0,7100,17179,139111,0,175,880,65508,0,0,0,2,0,11,2,0,0,0,0,0,0,9,19,0
2022-02-04,12564,35663,359650,0,12172,33651,246241,0,355,1971,113312,0,0,1,5,0,37,67,0,0,0,0,0,0,3,25,0
2022-02-03,12458,52768,328909,0,12097,49985,228345,0,323,2744,100469,0,0,0,5,0,36,70,0,0,0,0,0,2,3,20,0
2022-02-02,503,850,12565,0,484,780,9732,0,16,64,2822,0,0,0,4,0,3,0,0,0,0,0,0,0,3,7,0
2022-02-01,93,193,2975,0,82,171,2289,0,6,15,671,0,0,2,10,0,4,2,0,0,0,0,0,1,1,3,0
2022-01-31,604,989,19368,1,577,876,14101,0,25,102,5254,1,0,3,5,0,2,0,0,0,0,0,0,0,6,8,0
2022-01-30,660,1392,24939,0,642,1288,17726,0,14,100,7180,0,0,0,1,0,3,0,0,0,0,0,0,1,1,32,0
2022-01-29,8135,22520,340754,0,7933,21586,224644,0,181,913,116047,0,0,2,3,0,13,11,0,0,0,0,0,8,6,49,0
2022-01-28,13436,37215,505818,1,12973,35188,344242,1,394,1948,161348,0,0,4,13,0,66,140,0,0,0,0,0,3,9,75,0
2022-01-27,9206,25200,316314,0,8875,23740,221951,0,267,1386,94187,0,0,1,15,0,60,97,0,0,0,0,0,4,13,64,0
2022-01-26,8591,24717,256647,0,8316,23437,181463,0,217,1208,75037,0,0,4,6,0,56,83,0,0,0,0,0,2,12,58,0
2022-01-25,9244,29407,244764,1,8926,27823,175183,0,262,1526,69422,1,0,2,9,0,51,76,0,0,0,0,0,5,5,74,0
2022-01-24,11723,40753,298722,0,11407,39023,215184,0,269,1666,83382,0,0,6,7,0,38,61,0,0,0,0,0,9,20,88,0
2022-01-23,603,1964,13995,0,588,1890,10938,0,8,62,3021,0,0,0,8,0,4,0,0,0,0,0,0,3,8,28,0
2022-01-22,9388,18015,259108,0,9214,17036,190466,0,151,955,68580,0,1,0,11,0,16,13,0,0,0,0,0,6,8,38,0
2022-01-21,15407,59036,470263,0,14942,56366,348627,0,394,2596,121464,0,2,4,20,0,57,84,0,0,0,0,0,12,13,68,0
2022-01-20,10507,44779,282479,0,10178,42855,214263,0,230,1820,68025,0,0,3,25,0,91,117,0,0,0,0,0,8,10,49,0
2022-01-19,10176,45267,216486,0,9828,43053,164003,0,272,2132,52270,0,0,3,30,0,66,118,0,0,0,0,0,10,13,65,0
2022-01-18,12203,46632,263331,0,11804,43751,195413,0,323,2793,67749,0,0,1,21,0,62,107,0,0,0,0,0,14,25,41,0
2022-01-17,16090,71344,386811,0,15544,67064,291095,0,467,4188,95570,0,2,7,20,0,66,76,0,0,0,0,0,11,19,50,0
2022-01-16,789,3438,17222,0,756,3222,14096,0,23,204,3082,0,0,1,15,0,3,0,0,0,0,0,0,7,8,29,0
2022-01-15,13126,29362,306729,1,12793,26324,236200,1,307,3009,70474,0,0,0,11,0,18,20,0,0,0,0,0,8,11,24,0
2022-01-14,22662,91187,581362,0,21964,85382,456098,0,575,5669,125027,0,2,7,19,0,107,159,0,0,0,0,0,14,22,59,0
2022-01-13,16360,77186,343854,0,15654,72966,270217,0,566,4073,73459,0,0,5,19,0,125,119,0,0,0,0,0,15,17,40,0
2022-01-12,16464,81064,284258,0,15836,77145,219185,0,548,3830,64881,0,0,5,15,0,68,127,0,0,0,0,0,12,16,50,0
2022-01-11,20305,73499,344088,0,19542,68426,260002,0,697,4988,83909,0,1,8,15,0,60,89,0,0,0,0,0,5,17,73,0
2022-01-10,24987,109780,444273,0,23992,103397,345106,0,894,6269,99007,0,5,4,19,0,85,64,0,0,0,0,0,11,25,77,0
2022-01-09,1105,4752,16276,0,1049,4525,13481,0,52,216,2746,0,0,1,15,0,1,1,0,0,0,0,0,3,9,33,0
2022-01-08,16326,70833,347754,0,15768,67721,259468,0,532,3072,88223,0,0,5,26,0,17,10,0,0,0,0,0,9,18,27,0
2022-01-07,26261,107656,599908,0,25171,102016,461333,0,993,5524,138236,0,1,8,86,0,86,172,0,0,0,0,0,10,22,81,0
2022-01-06,19877,85473,383332,0,19010,81297,299807,0,744,4035,83283,0,1,5,31,0,117,119,0,0,0,0,0,5,19,92,0
2022-01-05,21130,76008,334956,0,20157,71672,252194,0,910,4250,82564,0,1,8,21,0,53,105,0,0,0,0,0,9,25,72,0
2022-01-04,26936,55424,367047,0,25659,49989,262725,0,1169,5264,104111,0,0,15,50,0,102,95,0,0,0,0,0,6,54,66,0
2022-01-03,40662,79608,490225,0,38680,72511,356155,0,1830,6922,133853,0,1,8,38,0,138,124,0,0,0,0,0,13,29,55,0
2022-01-02,2115,2468,17694,0,2035,2200,14197,0,75,253,3480,0,1,1,2,0,3,0,0,0,0,0,0,1,11,15,0
2022-01-01,4278,4971,34618,0,4095,4365,26922,0,172,587,7671,0,2,0,5,0,7,3,0,0,0,0,0,2,12,17,0
2021-12-31,54151,58585,738092,0,52703,52668,482156,0,1312,5740,255661,0,1,38,44,0,124,155,0,0,0,0,0,11,15,76,0
2021-12-30,47481,46408,548545,0,46528,42912,366231,0,834,3296,182021,0,2,66,55,0,110,132,0,0,0,0,0,7,24,106,0
2021-12-29,49575,46747,539642,0,48679,43507,348408,0,789,3065,190948,0,6,51,33,0,92,123,0,0,0,0,0,9,32,130,0
2021-12-28,46394,43923,620877,0,45274,39616,387263,0,1025,4137,233359,0,3,64,30,0,80,130,0,0,0,0,0,12,26,95,0
2021-12-27,76476,65036,764173,0,75030,59855,500914,0,1342,4960,262999,0,3,96,24,0,94,107,0,0,0,0,0,7,31,129,0
2021-12-26,3528,1774,25729,0,3464,1643,20045,0,54,124,5615,0,0,2,13,0,1,1,0,0,0,0,0,9,4,55,0
2021-12-25,10277,5087,60663,0,10051,4464,43204,0,216,602,17395,0,1,4,5,0,2,1,0,0,0,0,0,7,15,58,0
2021-12-24,79565,43700,801719,0,77880,37342,497249,0,1585,6146,304083,0,2,68,7,0,88,249,0,0,0,0,0,10,56,131,0
2021-12-23,80811,34753,601027,0,79218,30500,368915,0,1478,3954,231829,0,0,169,14,0,98,182,0,0,0,0,0,17,32,87,0
2021-12-22,91353,39351,625375,0,89197,34713,378122,0,2000,4338,246814,0,4,134,9,0,138,277,0,0,0,0,0,14,28,153,0
2021-12-21,75383,38377,697398,0,72570,33083,400916,0,2535,4922,296069,0,1,60,15,0,266,291,0,0,0,0,0,11,46,107,0
2021-12-20,122333,53746,852929,0,118001,47073,531791,0,4009,6262,320757,0,1,92,23,0,304,262,0,0,0,0,0,18,15,96,0
2021-12-19,6054,1873,30282,0,5876,1561,22250,0,168,280,7985,0,0,4,2,0,6,6,0,0,0,0,0,4,22,39,0
2021-12-18,69696,40869,533660,0,67308,36664,326278,0,2292,4058,207285,0,0,34,4,0,83,38,0,0,0,0,0,13,30,55,0
2021-12-17,108351,81028,1192860,0,103519,71663,690963,0,4389,8731,501045,0,3,174,18,0,425,758,0,0,0,0,0,15,35,76,0
2021-12-16,98776,62439,922044,0,94651,56117,508295,0,3754,5797,413154,0,1,150,20,0,348,504,0,0,0,0,0,22,27,71,0
2021-12-15,88547,58444,934331,0,84576,52310,480575,0,3602,5628,453079,0,5,121,26,0,348,570,0,0,0,0,0,16,37,81,0
2021-12-14,55744,44395,809187,0,50396,37271,353527,0,5065,6729,455209,0,3,82,7,0,262,362,0,0,0,0,0,18,51,82,0
2021-12-13,77589,63622,789120,0,70548,55718,341452,0,6664,7331,447176,0,4,190,2,0,358,401,0,0,0,0,0,15,25,89,0
2021-12-12,2130,1565,8884,0,1917,1335,4806,0,203,200,4017,0,1,7,2,0,1,1,0,0,0,0,0,8,22,58,0
2021-12-11,26303,34857,280721,0,24389,31107,128946,0,1823,3619,151686,0,1,34,15,0,66,24,0,0,0,0,0,24,31,50,0
2021-12-10,52103,76115,774415,0,47699,66341,367121,0,3980,9109,406554,0,10,230,10,0,396,643,0,0,0,0,0,18,39,87,0
2021-12-09,45940,55722,449579,0,42358,49534,265389,0,3212,5673,183644,0,4,146,6,0,345,491,0,0,0,0,0,21,24,49,0
2021-12-08,46488,52389,307207,0,42327,46604,215016,0,3805,5313,91495,0,5,109,6,0,329,647,0,0,0,0,0,22,34,43,0
2021-12-07,38419,42722,296084,0,34123,36319,217705,0,4013,5999,77934,0,2,116,6,0,244,388,0,0,0,0,0,37,44,51,0
2021-12-06,52795,66739,290170,0,47220,59748,213761,0,5270,6570,76076,0,10,104,2,0,267,277,0,0,0,0,0,28,50,54,0
2021-12-05,1789,2102,4049,0,1520,1837,2634,0,219,187,1258,0,2,8,3,0,34,130,0,0,0,0,0,14,36,24,0
2021-12-04,21735,53467,97518,0,19699,49679,70547,0,1953,3651,26912,0,2,32,3,0,62,22,0,0,0,0,0,19,43,34,0
2021-12-03,34709,91670,283090,0,30704,81934,222372,0,3668,8975,60076,0,8,403,5,0,310,590,0,0,0,0,0,19,48,47,0
2021-12-02,23014,61453,184415,0,20888,56044,149662,0,1884,4713,34260,0,14,492,4,0,176,437,0,0,0,0,0,52,28,52,0
2021-12-01,24211,66353,164239,0,22133,61019,142153,0,1839,4447,21599,0,16,652,3,0,198,419,0,0,0,0,0,25,37,65,0
2021-11-30,22162,49541,192076,0,19071,42783,166772,0,2685,5653,24526,0,71,733,21,0,307,703,0,0,0,0,0,28,65,54,0
2021-11-29,31370,106792,182168,1,28046,99915,151748,1,3040,6034,29984,0,59,583,12,0,205,379,0,0,0,0,0,20,55,45,0
2021-11-28,1041,2019,2897,0,914,1677,1726,0,74,198,962,0,4,71,0,0,42,183,0,0,0,0,0,7,31,26,0
2021-11-27,32702,46185,72968,0,31193,41405,53520,0,1401,4535,19322,0,10,134,17,0,72,83,0,0,0,0,0,26,39,26,0
2021-11-26,56465,88273,298276,0,52697,76421,245218,0,3332,10471,52133,0,83,995,9,0,317,872,0,0,0,0,0,36,69,44,0
2021-11-25,48605,67920,206130,0,45858,60831,166820,0,2410,6000,38485,0,27,732,3,0,285,777,0,0,0,0,0,25,72,45,0
2021-11-24,47324,62062,161589,0,44365,55936,137862,0,2578,5125,22846,0,33,608,1,0,322,843,0,0,0,0,0,26,71,37,0
2021-11-23,28912,44469,147018,0,25728,37459,122702,0,2806,6145,23449,0,21,474,2,0,313,821,0,0,0,0,0,44,78,44,0
2021-11-22,49754,88554,151266,0,45559,80383,111931,0,3860,7275,38793,0,20,511,1,0,293,505,0,0,0,0,0,22,92,36,0
2021-11-21,1457,2315,2246,0,1272,1893,1091,0,106,268,1050,0,5,31,1,0,53,74,0,0,0,0,0,21,70,30,0
2021-11-20,27186,39272,42643,0,25461,32397,24654,0,1583,6531,17867,0,7,139,5,0,99,82,0,0,0,0,0,36,106,35,0
2021-11-19,50165,78295,156537,0,45837,62082,109845,0,3803,14452,45420,0,60,1193,3,0,416,1225,0,0,0,0,0,49,152,44,0
2021-11-18,45508,61090,131676,0,42124,51549,94898,0,2931,8215,35661,0,77,855,1,0,347,1064,0,0,0,0,0,29,124,52,0
2021-11-17,46096,67266,136215,0,41303,55199,116223,0,4280,10668,18730,0,18,828,2,0,466,1220,0,0,0,0,0,29,105,40,0
2021-11-16,34142,48094,142260,0,28271,32196,120234,0,5351,14617,21039,0,32,758,2,0,443,933,0,0,0,0,0,45,80,52,0
2021-11-15,62674,89268,165567,1,55175,64789,119595,1,7058,23437,45225,0,60,614,4,0,344,694,0,0,0,0,0,37,84,49,0
2021-11-14,2384,3441,2414,0,1786,2332,947,0,503,1016,1246,0,6,19,0,0,49,195,0,0,0,0,0,40,25,26,0
2021-11-13,55586,101535,51126,0,52211,46221,23489,0,3195,54882,27528,0,8,228,0,0,139,87,0,0,0,0,0,33,65,22,0
2021-11-12,78858,150216,145327,0,71037,67727,74983,0,7182,80447,69313,0,60,1424,8,0,530,981,0,0,0,0,0,49,88,42,0
2021-11-11,64637,109324,108810,0,57934,57883,61455,0,6148,49946,46394,0,80,984,4,0,451,919,0,0,0,0,0,24,60,38,0
2021-11-10,69116,107984,96452,0,62598,60436,70759,0,5881,45871,24836,0,69,1071,3,0,530,822,0,0,0,0,0,38,76,32,0
2021-11-09,46315,126714,101649,0,38334,37190,66976,0,7421,87920,34285,0,84,1085,6,0,434,352,0,0,0,0,0,42,85,30,0
2021-11-08,117141,164551,185013,1,106622,70272,80574,1,9725,92439,103928,0,94,1088,1,0,678,470,0,0,0,0,0,22,74,40,0
2021-11-07,2249,4539,828,0,1870,1739,614,0,252,2594,187,0,7,54,1,0,108,14,0,0,0,0,0,12,44,12,0
2021-11-06,45628,63336,22569,0,41812,28394,20036,0,3551,34271,2495,0,30,399,0,0,188,21,0,0,0,0,0,47,84,17,0
2021-11-05,71776,163326,59130,0,62392,69832,52494,0,8478,90361,6479,0,196,2353,4,0,654,128,0,0,0,0,0,56,126,25,0
2021-11-04,60948,124980,45642,0,53695,53995,40962,0,6223,68664,4561,0,209,1476,1,0,766,84,0,0,0,0,0,55,79,34,0
2021-11-03,65349,76722,57969,0,57784,34178,53713,0,6584,40164,4168,0,249,1625,1,0,669,64,0,0,0,0,0,63,86,23,0
2021-11-02,42901,88243,57194,1,34150,36029,52299,1,8024,49654,4796,0,212,1994,5,0,463,63,0,0,0,0,0,52,103,31,0
2021-11-01,83479,119849,34978,0,71984,51072,26891,0,10709,66265,8008,0,155,1832,0,0,589,50,0,0,0,0,0,42,91,29,0
2021-10-31,3022,21504,365,0,2206,10281,289,0,500,10834,49,0,9,81,1,0,281,1,0,0,0,0,0,26,27,25,0
2021-10-30,36627,359127,3600,0,30571,149372,3463,0,5418,207552,105,0,69,1622,6,0,513,1,0,0,0,0,0,56,68,25,0
2021-10-29,60914,703224,10619,0,48747,316408,10255,0,10434,377084,321,0,272,8215,4,0,1404,8,0,0,0,0,0,57,113,31,0
2021-10-28,63441,624659,9969,0,54237,295170,9452,0,7762,321507,480,0,343,6855,3,0,1038,4,0,0,0,0,0,61,89,30,0
2021-10-27,77960,259392,13635,0,69671,129747,13450,0,6941,122017,144,0,226,6464,7,0,1057,5,0,0,0,0,0,65,107,29,0
2021-10-26,41450,282109,13285,0,32610,143446,13116,0,7198,130233,134,0,294,7059,3,0,1286,4,0,0,0,0,0,62,85,28,0
2021-10-25,78734,434094,9335,0,69881,220458,9145,0,7349,205971,136,0,239,6335,8,0,1222,7,0,0,0,0,0,43,108,39,0
2021-10-24,3949,17163,123,0,3036,9890,66,0,347,6587,36,0,13,115,6,0,533,0,0,0,0,0,0,20,38,15,0
2021-10-23,51731,334676,729,0,47091,182975,652,0,4001,148334,50,0,78,2781,2,0,508,3,0,0,0,0,0,53,78,22,0
2021-10-22,66395,634916,6373,0,56553,380856,6248,0,7857,242879,82,0,403,9525,8,0,1525,3,0,0,0,0,0,57,131,32,0
2021-10-21,60030,409643,5994,0,53102,266698,5953,0,5572,133318,20,0,302,8560,1,0,975,0,0,0,0,0,0,79,92,20,0
2021-10-20,69291,325044,4467,0,61700,211734,4408,0,5719,87772,18,0,427,24113,9,0,1346,4,0,0,0,0,0,99,79,28,0
2021-10-19,37751,447980,2206,0,29331,292050,2166,0,6645,139214,15,0,443,15398,1,0,1211,3,0,0,0,0,0,121,107,21,0
2021-10-18,72209,631476,1607,0,59829,398217,1558,0,10511,217112,16,0,415,14717,12,0,1318,0,0,0,0,0,0,136,112,21,0
2021-10-17,2059,20030,71,0,1039,13807,48,0,448,5437,4,0,11,255,3,0,501,0,0,0,0,0,0,60,30,16,0
2021-10-16,64651,355920,198,0,11166,238964,176,0,52369,105533,9,0,153,10492,5,0,832,1,0,0,0,0,0,131,99,7,0
2021-10-15,89966,721974,2465,0,23068,519080,2401,0,64162,173773,30,0,533,26920,16,0,2076,3,0,0,0,0,0,127,125,15,0
2021-10-14,55362,458859,1880,1,18528,349325,1823,1,34771,87453,19,0,434,20416,11,0,1477,0,0,0,0,0,0,152,188,27,0
2021-10-13,58025,412598,1511,0,17958,310051,1458,0,37400,77576,21,0,493,22720,12,0,2089,0,0,0,0,0,0,85,162,20,0
2021-10-12,107036,602189,874,0,19152,462443,797,0,85230,111540,55,0,480,25999,5,0,2066,2,0,0,0,0,0,108,141,15,0
2021-10-11,93929,166924,119,0,8960,98486,89,0,84498,61007,13,0,195,7105,4,0,159,0,0,0,0,0,0,117,167,13,0
2021-10-10,2892,18522,67,0,614,14979,56,0,1896,1869,5,0,42,1297,2,0,290,0,0,0,0,0,0,50,87,4,0
2021-10-09,11138,104593,107,0,2133,89994,72,0,8311,10704,20,0,168,3310,8,0,431,3,0,0,0,0,0,95,154,4,0
2021-10-08,45595,1100581,117,1,16578,973263,94,1,25840,73530,9,0,787,51297,5,0,2232,4,0,0,0,0,0,158,259,5,0
2021-10-07,37312,712205,117,0,13719,643357,101,0,20365,28564,9,0,654,37660,3,0,2473,0,0,0,0,0,0,101,151,4,0
2021-10-06,37538,512196,131,0,12659,452877,119,0,21191,23573,9,0,769,32795,1,0,2826,1,0,0,0,0,0,93,125,1,0
2021-10-05,45638,767641,139,0,12918,680126,114,0,29021,29729,15,0,783,54821,5,0,2803,3,0,0,0,0,0,113,162,2,0
2021-10-04,25865,210835,138,0,6394,181678,105,0,18915,8970,15,0,248,19831,15,0,248,2,0,0,0,0,0,60,108,1,0
2021-10-03,3594,33781,59,0,856,25080,43,0,2568,8355,8,0,32,170,3,0,96,0,0,0,0,0,0,42,80,5,0
2021-10-02,124975,407932,67,0,46938,288400,53,0,75973,114915,8,0,85,2620,4,0,1947,0,0,0,0,0,0,32,50,2,0
2021-10-01,237288,862712,154,0,92953,618631,130,0,140994,205278,12,0,593,36095,6,0,2672,4,0,0,0,0,0,76,36,2,0
2021-09-30,344852,543321,105,0,161976,384394,85,0,178527,141050,12,0,641,14105,4,0,3604,2,0,0,0,0,0,104,168,2,0
2021-09-29,232170,527813,129,0,106877,375594,98,0,120310,144092,6,0,525,3594,12,0,4348,4,0,0,0,0,0,110,185,9,0
2021-09-28,258036,691596,92,0,117132,463170,70,0,136993,221804,10,0,385,3010,6,0,3416,3,0,0,0,0,0,110,196,3,0
2021-09-27,417818,713138,106,0,206829,433061,86,0,206664,274179,13,0,371,1849,5,0,3861,2,0,0,0,0,0,93,188,0,0
2021-09-26,26717,24416,40,0,12390,21833,31,0,13461,1648,1,0,41,102,7,0,748,0,0,0,0,0,0,77,85,1,0
2021-09-25,313699,216468,54,0,133509,180842,36,0,179034,33987,13,0,140,588,0,0,914,1,0,0,0,0,0,102,137,4,0
2021-09-24,617711,416298,60,0,286332,335681,42,0,326044,73085,15,0,581,2704,2,0,4568,0,0,0,0,0,0,186,260,1,0
2021-09-23,562364,377941,68,0,260623,293905,39,0,296132,76777,19,0,535,2093,4,0,4951,2,0,0,0,0,0,123,215,4,0
2021-09-22,28042,16810,61,0,12576,13177,48,0,15077,3093,9,0,115,189,2,0,137,1,0,0,0,0,0,137,214,1,0
2021-09-21,6956,5021,43,0,3009,3963,26,0,3782,786,12,0,82,187,2,0,17,1,0,0,0,0,0,66,68,2,0
2021-09-20,30366,14688,44,0,11421,11848,30,0,18765,2521,4,0,81,198,4,0,45,0,0,0,0,0,0,54,76,6,0
2021-09-19,21631,26434,23,0,10977,24392,11,0,10280,1664,6,0,128,74,1,0,206,0,0,0,0,0,0,40,98,5,0
2021-09-18,392964,191155,41,0,182088,158223,26,0,205559,27112,6,0,257,720,3,0,4911,1,0,0,0,0,0,149,189,5,0
2021-09-17,661547,446047,60,0,348549,372821,28,0,300411,57978,20,0,738,3344,4,0,11703,8,0,0,0,0,0,146,201,0,0
2021-09-16,431232,314775,51,0,247392,286216,33,0,173300,16194,9,0,398,2177,2,0,9985,6,0,0,0,0,0,157,203,1,0
2021-09-15,376927,441009,68,0,222775,409927,48,0,143343,18813,9,0,499,1934,9,0,10132,0,0,0,0,0,0,178,203,2,0
2021-09-14,602696,225607,76,0,337669,202797,55,0,254024,9904,13,0,547,2378,3,0,10307,2,0,0,0,0,0,149,221,3,0
2021-09-13,828513,423943,60,0,434064,398798,41,0,386185,15674,8,0,818,1914,2,0,7336,3,0,0,0,0,0,110,221,6,0
2021-09-12,22362,26136,20,0,15010,17128,12,0,4052,5822,5,0,254,128,3,0,2962,0,0,0,0,0,0,84,96,0,0
2021-09-11,329087,213209,40,0,254544,143247,18,0,63910,58267,13,0,649,1756,7,0,9784,0,0,0,0,0,0,200,155,2,0
2021-09-10,653608,418893,69,0,538166,290243,52,0,102237,109893,9,0,2215,7732,2,0,10804,3,0,0,0,0,0,186,221,3,0
2021-09-09,440702,293117,54,0,373886,196922,39,0,52793,77936,9,0,2197,6394,4,0,11654,0,0,0,0,0,0,172,211,2,0
2021-09-08,386677,308183,60,0,331876,203441,40,0,39807,85436,14,0,2541,6780,2,0,12283,2,0,0,0,0,0,170,243,2,0
2021-09-07,575328,422261,65,0,514815,264604,49,0,45145,135656,13,0,3499,10062,1,0,11688,0,0,0,0,0,0,181,251,2,0
2021-09-06,744452,635622,47,0,671879,352975,43,0,58985,262892,2,0,4084,10153,0,0,9332,0,0,0,0,0,0,172,270,2,0
2021-09-05,8966,8801,16,0,5225,4940,11,0,918,905,2,0,165,228,1,0,2591,0,0,0,0,0,0,67,137,2,0
2021-09-04,119338,261555,27,0,95927,80515,24,0,10216,9355,1,0,4057,162494,0,0,9027,0,0,0,0,0,0,111,164,2,0
2021-09-03,234246,700157,49,0,190386,273758,35,0,14414,14772,12,0,12450,394542,1,0,16836,0,0,0,0,0,0,160,249,1,0
2021-09-02,186955,500851,89,0,145493,154307,76,0,11470,8872,11,0,11463,319004,0,0,18362,1,0,0,0,0,0,167,306,1,0
2021-09-01,179269,535839,75,0,138948,203987,60,0,10955,7777,5,0,11960,306562,5,0,17225,1,0,0,0,0,0,181,288,4,0
2021-08-31,248489,531158,63,0,207154,71834,37,0,10458,7378,11,0,15077,436042,4,0,15616,0,0,0,0,0,0,184,288,11,0
2021-08-30,390443,600578,58,0,352078,74649,35,0,11482,7406,10,0,16934,508455,10,0,9781,0,0,0,0,0,0,168,287,3,0
2021-08-29,16649,16484,31,0,13474,1370,24,0,157,134,5,0,712,12644,1,0,2219,0,0,0,0,0,0,87,117,1,0
2021-08-28,277071,256505,30,0,257911,17320,22,0,4545,513,7,0,8337,232324,0,0,6126,0,0,0,0,0,0,152,222,1,0
2021-08-27,603736,551833,50,0,565909,54457,31,0,10455,887,12,0,20107,489092,4,0,7092,1,0,0,0,0,0,173,305,2,0
2021-08-26,654875,427396,52,0,614762,41275,33,0,9538,895,9,0,20414,375006,8,0,9884,0,0,0,0,0,0,277,336,2,0
2021-08-25,379077,479245,42,0,317830,51241,24,0,9396,795,7,0,40189,415459,7,0,11448,1,0,0,0,0,0,214,302,3,0
2021-08-24,406486,605555,63,0,349505,51881,37,0,9990,715,12,0,37375,543262,9,0,9379,0,0,0,0,0,0,237,318,5,0
2021-08-23,389046,720273,37,0,336163,55354,25,0,8534,716,6,0,39595,659317,4,0,4510,1,0,0,0,0,0,244,376,1,0
2021-08-22,40763,2975,27,0,26776,812,19,0,13165,116,6,0,698,1844,1,0,16,0,0,0,0,0,0,108,187,1,0
2021-08-21,365867,124727,45,0,198738,16948,29,0,151362,194,6,0,15590,107278,2,0,30,1,0,0,0,0,0,147,277,7,0
2021-08-20,692432,334472,28,0,397780,60931,8,0,254348,280,8,0,40024,272801,11,0,66,0,0,0,0,0,0,214,394,1,0
2021-08-19,506269,294843,48,0,292958,55837,26,0,179206,272,13,0,33846,238348,4,0,67,0,0,0,0,0,0,192,319,5,0
2021-08-18,525123,321141,40,0,316092,55519,21,0,174694,314,8,0,34043,264854,8,0,77,0,0,0,0,0,0,217,377,3,0
2021-08-17,726457,497130,39,0,430006,72359,24,0,264759,334,6,0,31431,423941,5,0,59,1,0,0,0,0,0,202,437,3,0
2021-08-16,673142,257951,38,0,346280,37332,26,0,313865,263,5,0,12741,219751,5,0,72,1,0,0,0,0,0,184,533,1,0
2021-08-15,19104,6337,24,0,17958,2457,16,0,139,119,4,0,879,3535,4,0,41,0,0,0,0,0,0,87,185,0,0
2021-08-14,144149,183594,19,0,123878,45158,13,0,3311,190,5,0,16808,137933,1,0,34,0,0,0,0,0,0,118,279,0,0
2021-08-13,245093,622029,15,0,198028,183878,9,0,7342,279,3,0,39428,437374,3,0,74,0,0,0,0,0,0,221,424,0,0
2021-08-12,170396,707777,20,0,128879,170915,8,0,4567,308,5,0,36661,536114,4,0,46,1,0,0,0,0,0,243,394,2,0
2021-08-11,179659,164855,21,0,143459,142181,15,0,6894,911,3,0,29083,21347,3,0,51,0,0,0,0,0,0,172,365,0,0
2021-08-10,265139,171116,20,0,216425,150313,13,0,9566,661,2,0,38771,19602,4,0,87,0,0,0,0,0,0,290,453,1,0
2021-08-09,438144,175612,26,0,360375,159600,22,0,14763,654,2,0,62687,14709,2,0,65,0,0,0,0,0,0,254,584,0,0
2021-08-08,28698,3379,9,0,27296,2739,7,0,424,162,1,0,833,76,1,0,18,0,0,0,0,0,0,127,384,0,0
2021-08-07,122930,37306,8,0,118609,35297,5,0,3264,491,1,0,811,1131,0,0,48,0,0,0,0,0,0,198,339,2,0
2021-08-06,257972,157812,5,0,238375,143898,2,0,7770,7871,2,0,11448,5467,0,0,76,0,0,0,0,0,0,303,500,1,0
2021-08-05,195307,128816,5,0,176096,118663,3,0,5374,5213,1,0,13452,4335,0,0,90,0,0,0,0,0,0,295,515,1,0
2021-08-04,167696,112100,18,0,159464,105386,17,0,5208,4271,1,0,2617,1804,0,0,145,0,0,0,0,0,0,262,494,0,0
2021-08-03,221951,109180,14,0,211665,102031,11,0,7520,4060,2,0,2367,2432,1,0,84,0,0,0,0,0,0,315,573,0,0
2021-08-02,478291,38197,9,0,461846,33016,7,0,14355,2914,0,0,1657,1607,1,0,133,0,0,0,0,0,0,300,527,1,0
2021-08-01,28655,1642,7,0,20012,1156,7,0,8436,140,0,0,51,59,0,0,26,0,0,0,0,0,0,130,261,0,0
2021-07-31,216763,15056,5,0,147409,13363,2,0,68891,1104,1,0,164,105,1,0,57,0,0,0,0,0,0,242,427,1,0
2021-07-30,498595,62417,5,0,375840,55922,2,0,121981,2451,0,0,331,3316,2,0,117,0,0,0,0,0,0,326,611,1,0
2021-07-29,349106,45486,10,0,262973,39084,4,0,85476,2123,3,0,241,3512,1,0,116,0,0,0,0,0,0,300,651,2,0
2021-07-28,481406,44751,10,0,387982,35126,6,0,92817,6449,3,0,197,2318,0,0,118,0,0,0,0,0,0,292,740,1,0
2021-07-27,383344,50810,3,0,240049,39759,2,0,142601,7634,1,0,303,2577,0,0,127,0,0,0,0,0,0,264,713,0,0
2021-07-26,620453,67323,7,0,343795,58252,6,0,275933,5076,1,0,244,3042,0,0,219,0,0,0,0,0,0,262,734,0,0
2021-07-25,2262,1372,2,0,1870,700,0,0,109,117,0,0,94,86,0,0,39,0,0,0,0,0,0,150,430,2,0
2021-07-24,30221,12955,2,0,29675,11201,1,0,140,902,1,0,85,141,0,0,71,0,0,0,0,0,0,250,640,0,0
2021-07-23,147958,62351,3,0,147094,44889,2,0,148,9002,0,0,225,7293,0,0,115,1,0,0,0,0,0,376,1052,0,0
2021-07-22,141915,61957,2,0,140897,52821,2,0,181,2063,0,0,384,6127,0,0,71,0,0,0,0,0,0,382,875,0,0
2021-07-21,141073,41877,0,0,140054,33495,0,0,203,2763,0,0,239,4607,0,0,121,0,0,0,0,0,0,456,891,0,0
2021-07-20,152079,63202,1,0,150941,54927,1,0,387,1156,0,0,279,6421,0,0,106,0,0,0,0,0,0,366,592,0,0
2021-07-19,161519,73059,3,0,160557,67090,2,0,203,691,1,0,165,4911,0,0,125,0,0,0,0,0,0,469,242,0,0
2021-07-18,3264,1450,2,0,2740,1198,2,0,126,124,0,0,70,38,0,0,22,0,0,0,0,0,0,306,68,0,0
2021-07-17,35707,38081,6,0,34974,37458,5,0,185,167,0,0,109,238,0,0,61,0,0,0,0,0,0,378,157,1,0
2021-07-16,136464,186102,2,0,135278,168945,1,0,234,398,0,0,261,16399,0,0,115,0,0,0,0,0,0,576,245,1,0
2021-07-15,124720,144341,9,0,123424,130529,5,0,284,243,0,0,350,13307,0,0,101,0,0,0,0,0,0,561,161,4,0
2021-07-14,113713,123896,6,0,111767,115131,4,0,942,182,1,0,349,8239,0,0,91,0,0,0,0,0,0,564,253,1,0
2021-07-13,109822,111523,2,0,108373,104800,2,0,518,221,0,0,319,6179,0,0,98,0,0,0,0,0,0,514,225,0,0
2021-07-12,32915,95134,8,0,31790,90301,5,0,319,229,2,0,246,4286,0,0,70,0,0,0,0,0,0,490,248,1,0
2021-07-11,1491,1878,2,0,962,1633,2,0,177,135,0,0,56,22,0,0,20,0,0,0,0,0,0,276,68,0,0
2021-07-10,14265,40638,4,0,13488,39759,3,0,218,201,1,0,118,477,0,0,66,0,0,0,0,0,0,375,135,0,0
2021-07-09,60471,150336,3,0,52185,138054,2,0,6964,277,0,0,559,11664,0,0,119,0,0,0,0,0,0,644,222,1,0
2021-07-08,40521,107839,4,0,33741,97748,2,0,5157,387,0,0,516,9364,0,0,121,0,0,0,0,0,0,986,219,2,0
2021-07-07,37618,90534,2,0,31916,82308,2,0,4301,257,0,0,550,7547,0,0,150,0,0,0,0,0,0,701,272,0,0
2021-07-06,40937,92235,2,0,34675,84105,1,0,4654,359,0,0,594,7455,0,0,102,0,0,0,0,0,0,912,214,1,0
2021-07-05,56900,77757,0,0,52177,71411,0,0,3404,182,0,0,457,5946,0,0,51,0,0,0,0,0,0,811,167,0,0
2021-07-04,1359,1263,0,0,601,1017,0,0,130,112,0,0,38,29,0,0,32,0,0,0,0,0,0,558,73,0,0
2021-07-03,3354,18245,2,0,1011,16659,0,0,1077,194,0,0,84,845,0,0,456,0,0,0,0,0,0,726,91,2,0
2021-07-02,8085,122411,0,0,2970,102070,0,0,1767,231,0,0,730,18719,0,0,1213,0,0,0,0,0,0,1405,178,0,0
2021-07-01,7321,122023,1,0,2752,106309,1,0,1262,445,0,0,823,13834,0,0,1211,0,0,0,0,0,0,1273,224,0,0
2021-06-30,17279,138172,1,0,8007,124048,0,0,5695,275,0,0,1121,12092,0,0,1284,0,0,0,0,0,0,1172,473,1,0
2021-06-29,19052,145946,1,0,7002,132085,1,0,8342,450,0,0,1623,11853,0,0,1123,0,0,0,0,0,0,962,435,0,0
2021-06-28,14956,145575,1,0,7733,135518,0,0,4687,212,0,0,1266,8327,0,0,967,0,0,0,0,0,0,303,551,1,0
2021-06-27,896,1996,0,0,548,1147,0,0,88,169,0,0,78,94,0,0,54,0,0,0,0,0,0,128,532,0,0
2021-06-26,12537,25095,0,0,11069,23401,0,0,927,200,0,0,222,677,0,0,171,0,0,0,0,0,0,148,646,0,0
2021-06-25,65728,98275,1,0,51754,83400,1,0,9930,347,0,0,3181,13000,0,0,663,0,0,0,0,0,0,200,865,0,0
2021-06-24,47301,108843,1,0,39779,93602,1,0,3530,309,0,0,2983,13128,0,0,826,0,0,0,0,0,0,183,978,0,0
2021-06-23,45725,121024,1,0,38070,103144,0,0,3157,240,0,0,2777,15295,0,0,1528,0,0,0,0,0,0,193,817,1,0
2021-06-22,50344,126377,3,0,42776,105185,2,0,1155,241,0,0,3210,16774,0,0,2987,0,0,0,0,0,0,216,1190,1,0
2021-06-21,49059,118173,1,0,41520,99153,0,0,811,209,0,0,2732,14212,0,0,3774,0,0,0,0,0,0,222,825,1,0
2021-06-20,1465,2405,0,0,716,1118,0,0,108,65,0,0,106,92,0,0,445,0,0,0,0,0,0,90,685,0,0
2021-06-19,217326,37609,1,0,9725,15669,1,0,98,95,0,0,188256,1887,0,0,19142,0,0,0,0,0,0,105,816,0,0
2021-06-18,538429,129436,1,0,62684,75686,1,0,379,159,0,0,443767,21028,0,0,31361,0,0,0,0,0,0,238,1202,0,0
2021-06-17,444309,130151,1,0,54961,81535,1,0,207,149,0,0,362608,21294,0,0,26309,0,0,0,0,0,0,224,864,0,0
2021-06-16,569611,283055,1,0,47384,82159,0,0,100,97,0,0,343486,21646,0,0,178303,0,0,0,0,0,0,338,850,1,0
2021-06-15,648061,209368,0,0,51432,72419,0,0,173,128,0,0,483379,22982,0,0,112801,0,0,0,0,0,0,276,1038,0,0
2021-06-14,770017,258715,3,0,38146,66020,2,0,133,109,0,0,559065,19619,1,0,172498,0,0,0,0,0,0,175,469,0,0
2021-06-13,28545,13401,2,0,1061,543,1,0,60,69,0,0,15530,63,0,0,11803,0,0,0,0,0,0,91,923,1,0
2021-06-12,389857,120882,1,0,17978,4633,0,0,102,87,0,0,257379,836,1,0,114295,0,0,0,0,0,0,103,1031,0,0
2021-06-11,827666,239006,1,0,97631,9937,0,0,151,142,1,0,527108,25429,0,0,202588,0,0,0,0,0,0,188,910,0,0
2021-06-10,767791,289317,1,0,106306,8041,1,0,277,316,0,0,407816,26585,0,0,253127,0,0,0,0,0,0,265,1248,0,0
2021-06-09,594075,25099,1,0,126336,3378,1,0,157,96,0,0,467045,20637,0,0,174,0,0,0,0,0,0,363,814,0,0
2021-06-08,746216,26831,2,0,135212,9848,1,0,270,96,0,0,610305,15803,0,0,113,0,0,0,0,0,0,316,971,1,0
2021-06-07,894257,21723,1,0,142415,11816,0,0,129,108,0,0,751215,9148,1,0,152,0,0,0,0,0,0,346,499,0,0
2021-06-06,3979,768,1,0,1289,328,0,0,36,31,0,0,2389,49,0,0,27,0,0,0,0,0,0,238,333,1,0
2021-06-05,141294,3576,1,0,23762,1692,1,0,110,158,0,0,116926,1234,0,0,69,0,0,0,0,0,0,427,423,0,0
2021-06-04,370139,31599,2,0,84104,7422,1,0,150,136,0,0,284996,23030,1,0,236,0,0,0,0,0,0,653,775,0,0
2021-06-03,344928,26946,1,0,94126,5722,1,0,379,418,0,0,249686,20314,0,0,104,0,0,0,0,0,0,633,388,0,0
2021-06-02,383584,23825,1,0,105372,3800,1,0,135,131,0,0,277418,19338,0,0,130,0,0,0,0,0,0,529,426,0,0
2021-06-01,568258,27471,2,0,107204,5881,2,0,380,169,0,0,459727,20892,0,0,152,0,0,0,0,0,0,795,377,0,0
2021-05-31,387165,28027,2,0,101437,8499,1,0,100,37,0,0,284677,18937,0,0,54,0,0,0,0,0,0,897,500,1,0
2021-05-30,6225,656,1,0,1306,207,0,0,103,56,0,0,4095,98,0,0,25,0,0,0,0,0,0,696,270,1,0
2021-05-29,166072,9664,1,0,16000,2853,1,0,163,90,0,0,149163,6398,0,0,48,0,0,0,0,0,0,698,275,0,0
2021-05-28,545440,66147,0,0,76644,11927,0,0,253,187,0,0,467762,53613,0,0,75,0,0,0,0,0,0,706,345,0,0
2021-05-27,661929,56341,0,0,82138,12111,0,0,184,173,0,0,578744,43307,0,0,391,0,0,0,0,0,0,472,359,0,0
2021-05-26,88931,68592,1,0,83926,14382,0,0,223,137,0,0,3796,53442,0,0,153,0,0,0,0,0,0,833,478,1,0
2021-05-25,79625,94351,0,0,73826,35218,0,0,168,197,0,0,4411,58163,0,0,218,0,0,0,0,0,0,1002,555,0,0
2021-05-24,72561,105323,0,0,67958,46599,0,0,160,160,0,0,3792,58129,0,0,193,0,0,0,0,0,0,458,242,0,0
2021-05-23,1052,3220,0,0,724,2637,0,0,127,74,0,0,30,330,0,0,17,0,0,0,0,0,0,154,162,0,0
2021-05-22,6471,36623,0,0,5225,19800,0,0,148,181,0,0,698,16330,0,0,90,0,0,0,0,0,0,310,222,0,0
2021-05-21,16476,225549,0,0,9992,137546,0,0,186,302,0,0,5376,86976,0,0,359,0,0,0,0,0,0,563,366,0,0
2021-05-20,14182,210789,0,0,8447,143783,0,0,187,322,0,0,4695,66153,0,0,196,0,0,0,0,0,0,657,335,0,0
2021-05-19,3763,93397,0,0,2679,91815,0,0,236,344,0,0,283,923,0,0,52,0,0,0,0,0,0,513,263,0,0
2021-05-18,14124,141852,0,0,9952,101064,0,0,170,284,0,0,3351,40151,0,0,148,0,0,0,0,0,0,503,205,0,0
2021-05-17,15145,100809,0,0,11261,84007,0,0,129,213,0,0,2995,16045,0,0,217,0,0,0,0,0,0,543,327,0,0
2021-05-16,1549,5773,0,0,666,5306,0,0,148,124,0,0,42,47,0,0,25,0,0,0,0,0,0,668,271,0,0
2021-05-15,3095,31097,1,0,2053,29864,1,0,160,264,0,0,128,594,0,0,62,0,0,0,0,0,0,692,313,0,0
2021-05-14,13321,81246,0,0,8522,75979,0,0,219,417,0,0,3438,4181,0,0,406,0,0,0,0,0,0,736,263,0,0
2021-05-13,10957,79001,0,0,6078,77437,0,0,167,313,0,0,3551,521,0,0,408,0,0,0,0,0,0,753,322,0,0
2021-05-12,8148,83638,0,0,3566,82493,0,0,401,322,0,0,3432,281,0,0,214,0,0,0,0,0,0,535,328,0,0
2021-05-11,10516,81525,1,0,5098,80354,1,0,211,345,0,0,4238,209,0,0,396,0,0,0,0,0,0,573,221,0,0
2021-05-10,15638,78532,0,0,7035,77198,0,0,207,336,0,0,7167,102,0,0,484,0,0,0,0,0,0,745,412,0,0
2021-05-09,992,5543,0,0,431,5153,0,0,98,101,0,0,30,4,0,0,27,0,0,0,0,0,0,406,258,0,0
2021-05-08,13652,28744,0,0,3364,28071,0,0,194,257,0,0,9393,48,0,0,40,0,0,0,0,0,0,661,328,0,0
2021-05-07,49939,78376,0,0,10093,76712,0,0,154,363,0,0,38525,228,0,0,540,0,0,0,0,0,0,627,533,0,0
2021-05-06,59569,74765,0,0,11276,73417,0,0,164,319,0,0,47003,91,0,0,570,0,0,0,0,0,0,556,368,0,0
2021-05-05,7097,26573,1,0,5356,25836,1,0,450,334,0,0,770,34,0,0,159,0,0,0,0,0,0,362,210,0,0
2021-05-04,76453,32902,0,0,30852,31519,0,0,148,381,0,0,44280,154,0,0,649,0,0,0,0,0,0,524,199,0,0
2021-05-03,87495,32272,0,0,35468,30892,0,0,131,237,0,0,50772,75,0,0,767,0,0,0,0,0,0,357,301,0,0
2021-05-02,2465,1267,0,0,1595,752,0,0,90,104,0,0,393,24,0,0,22,0,0,0,0,0,0,365,365,0,0
2021-05-01,41127,8857,0,0,16433,8312,0,0,136,202,0,0,24150,14,0,0,118,0,0,0,0,0,0,290,211,0,0
2021-04-30,278159,32104,1,0,134428,30157,1,0,199,363,0,0,141900,189,0,0,1034,0,0,0,0,0,0,598,361,0,0
2021-04-29,261885,31348,0,0,140210,30442,0,0,171,403,0,0,121011,59,0,0,51,0,0,0,0,0,0,442,393,0,0
2021-04-28,231862,21814,0,0,130888,21047,0,0,169,403,0,0,100253,46,0,0,32,0,0,0,0,0,0,520,286,0,0
2021-04-27,177052,22970,0,0,103089,22288,0,0,209,321,0,0,73136,35,0,0,37,0,0,0,0,0,0,581,289,0,0
2021-04-26,143020,22499,0,0,85062,21899,0,0,169,262,0,0,57445,27,0,0,15,0,0,0,0,0,0,329,296,0,0
2021-04-25,7183,952,0,0,5565,619,0,0,72,131,0,0,1268,16,0,0,6,0,0,0,0,0,0,272,180,0,0
2021-04-24,65945,6667,0,0,31294,6226,0,0,183,218,0,0,34216,25,0,0,3,0,0,0,0,0,0,249,195,0,0
2021-04-23,160761,20748,0,0,76811,20101,0,0,329,323,0,0,83317,39,0,0,10,0,0,0,0,0,0,294,275,0,0
2021-04-22,132648,19713,0,0,78183,19018,0,0,386,392,0,0,53533,49,0,0,3,0,0,0,0,0,0,543,251,0,0
2021-04-21,133326,1457,0,0,84310,732,0,0,373,326,0,0,48125,37,0,0,26,0,0,0,0,0,0,492,336,0,0
2021-04-20,131580,1167,0,0,82017,577,0,0,346,286,0,0,48883,30,0,0,4,0,0,0,0,0,0,330,270,0,0
2021-04-19,123130,905,0,0,78659,479,0,0,237,223,0,0,43973,27,0,0,5,0,0,0,0,0,0,256,171,0,0
2021-04-18,5630,429,0,0,5309,292,0,0,140,77,0,0,30,8,0,0,5,0,0,0,0,0,0,146,47,0,0
2021-04-17,30466,699,0,0,28632,451,0,0,271,159,0,0,1408,8,0,0,4,0,0,0,0,0,0,151,77,0,0
2021-04-16,104110,1309,0,0,76525,643,0,0,421,265,0,0,26810,210,0,0,15,0,0,0,0,0,0,339,176,0,0
2021-04-15,94165,934,0,0,73533,495,0,0,357,268,0,0,19872,20,0,0,4,0,0,0,0,0,0,399,147,0,0
2021-04-14,47206,992,0,0,32078,497,0,0,336,295,0,0,14482,7,0,0,9,0,0,0,0,0,0,301,184,0,0
2021-04-13,46056,1800,0,0,31761,418,0,0,317,198,0,0,12625,15,0,0,1023,0,0,0,0,0,0,330,146,0,0
2021-04-12,40641,2476,0,0,31106,462,0,0,355,147,0,0,7210,10,0,0,1683,0,0,0,0,0,0,287,174,0,0
2021-04-11,1230,477,0,0,813,257,0,0,132,63,0,0,37,5,0,0,89,0,0,0,0,0,0,159,63,0,0
2021-04-10,10614,2295,1,0,8846,1399,1,0,277,92,0,0,604,6,0,0,732,0,0,0,0,0,0,155,66,0,0
2021-04-09,36475,9868,0,0,30044,7834,0,0,386,265,0,0,4017,3,0,0,1615,0,0,0,0,0,0,413,151,0,0
2021-04-08,39517,11960,0,0,30445,9993,0,0,360,443,0,0,6731,17,0,0,1378,0,0,0,0,0,0,603,129,0,0
2021-04-07,39597,11271,0,0,21591,9679,0,0,336,158,0,0,15857,8,0,0,1359,0,0,0,0,0,0,454,67,0,0
2021-04-06,40048,7523,0,0,23130,6146,0,0,414,346,0,0,15286,3,0,0,941,0,0,0,0,0,0,277,87,0,0
2021-04-05,37995,1767,0,0,22820,569,0,0,311,101,0,0,13554,3,0,0,1055,0,0,0,0,0,0,255,39,0,0
2021-04-04,1251,299,0,0,839,194,0,0,99,44,0,0,84,1,0,0,42,0,0,0,0,0,0,187,18,0,0
2021-04-03,9608,971,0,0,6624,758,0,0,216,92,0,0,2444,7,0,0,90,0,0,0,0,0,0,234,24,0,0
2021-04-02,40719,7694,0,0,20527,6885,0,0,346,119,0,0,18750,5,0,0,567,0,0,0,0,0,0,529,118,0,0
2021-04-01,38070,8021,0,0,19674,7569,0,0,437,156,0,0,17169,2,0,0,121,0,0,0,0,0,0,669,173,0,0
2021-03-31,23924,5426,0,0,765,5083,0,0,381,130,0,0,22143,12,0,0,50,0,0,0,0,0,0,585,151,0,0
2021-03-30,28781,2745,0,0,681,2295,0,0,322,214,0,0,27443,2,0,0,42,0,0,0,0,0,0,293,192,0,0
2021-03-29,26763,1440,0,0,528,1155,0,0,272,79,0,0,25518,2,0,0,25,0,0,0,0,0,0,420,179,0,0
2021-03-28,852,251,0,0,296,140,0,0,141,30,0,0,77,1,0,0,9,0,0,0,0,0,0,329,71,0,0
2021-03-27,2471,383,0,0,444,180,0,0,235,79,0,0,1345,5,0,0,28,0,0,0,0,0,0,419,91,0,0
2021-03-26,25780,2099,0,0,706,1635,0,0,323,83,0,0,24018,0,0,0,251,0,0,0,0,0,0,482,130,0,0
2021-03-25,33818,1952,0,0,575,1376,0,0,415,81,0,0,31934,3,0,0,290,0,0,0,0,0,0,604,202,0,0
2021-03-24,29401,1614,0,0,576,1401,0,0,327,46,0,0,28109,4,0,0,27,0,0,0,0,0,0,362,136,0,0
2021-03-23,21574,1295,0,0,461,821,0,0,266,72,0,0,20339,3,0,0,214,0,0,0,0,0,0,294,185,0,0
2021-03-22,4863,752,0,0,452,426,0,0,249,28,0,0,3705,2,0,0,158,0,0,0,0,0,0,299,138,0,0
2021-03-21,809,444,0,0,329,381,0,0,106,16,0,0,57,1,0,0,19,0,0,0,0,0,0,298,27,0,0
2021-03-20,1971,531,0,0,1336,435,0,0,174,33,0,0,325,1,0,0,27,0,0,0,0,0,0,109,35,0,0
2021-03-19,18532,995,0,0,6656,164,0,0,293,82,0,0,10754,2,0,0,590,0,0,0,0,0,0,239,157,0,0
2021-03-18,20741,883,0,0,9471,189,0,0,287,180,0,0,10409,5,0,0,381,0,0,0,0,0,0,193,128,0,0
2021-03-17,21394,909,0,0,10420,141,0,0,258,68,0,0,9884,1,0,0,609,0,0,0,0,0,0,223,90,0,0
2021-03-16,20482,1027,0,0,7033,138,0,0,227,96,0,0,12241,3,0,0,690,0,0,0,0,0,0,291,100,0,0
2021-03-15,14169,1162,0,0,921,84,0,0,145,53,0,0,11895,1,0,0,899,0,0,0,0,0,0,309,125,0,0
2021-03-14,1791,132,0,0,263,27,0,0,64,26,0,0,1157,0,0,0,56,0,0,0,0,0,0,251,23,0,0
2021-03-13,4470,202,0,0,779,57,0,0,103,55,0,0,3324,0,0,0,63,0,0,0,0,0,0,201,27,0,0
2021-03-12,39169,579,0,0,6622,114,0,0,225,107,0,0,31897,0,0,0,253,0,0,0,0,0,0,172,105,0,0
2021-03-11,45424,649,0,0,7473,135,0,0,184,181,0,0,37343,1,0,0,234,0,0,0,0,0,0,190,98,0,0
2021-03-10,55004,557,0,0,5269,99,0,0,168,95,0,0,49120,0,0,0,271,0,0,0,0,0,0,176,92,0,0
2021-03-09,64256,456,0,0,2442,105,0,0,305,162,0,0,61196,0,0,0,23,0,0,0,0,0,0,290,166,0,0
2021-03-08,68091,257,0,0,1449,63,0,0,275,82,0,0,66212,3,0,0,32,0,0,0,0,0,0,123,77,0,0
2021-03-07,2424,93,0,0,166,33,0,0,62,20,0,0,2106,0,0,0,22,0,0,0,0,0,0,68,18,0,0
2021-03-06,18461,156,0,0,201,56,0,0,100,48,0,0,18064,1,0,0,24,0,0,0,0,0,0,72,27,0,0
2021-03-05,71146,402,0,0,1653,98,0,0,325,198,0,0,68996,0,0,0,11,0,0,0,0,0,0,161,95,0,0
2021-03-04,70695,502,0,0,1444,103,0,0,157,330,0,0,68921,0,0,0,10,0,0,0,0,0,0,163,59,0,0
2021-03-03,69377,290,0,0,1456,92,0,0,135,134,0,0,67647,0,0,0,4,0,0,0,0,0,0,135,60,0,0
2021-03-02,66217,287,1,0,861,92,0,0,159,115,0,0,65069,0,1,0,3,0,0,0,0,0,0,125,77,0,0
2021-03-01,1922,252,0,0,462,81,0,0,142,62,0,0,1198,0,0,0,5,0,0,0,0,0,0,115,104,0,0
2021-02-28,1023,100,0,0,384,45,0,0,37,39,0,0,583,0,0,0,0,0,0,0,0,0,0,19,16,0,0
2021-02-27,1734,207,0,0,477,79,0,0,86,107,0,0,1126,0,0,0,2,0,0,0,0,0,0,43,19,0,0
2021-02-26,38421,10890,1,0,5495,3011,0,0,7366,4584,0,0,20641,5,1,0,43,0,0,0,0,0,0,4876,3247,0,0